{
	"name" : "My Jube",

	"vertexCount": 264,
	"objectCount": 1,

	"vertices" : [
		-0.430183,-0.500000,0.430183,
		-0.430183,-0.430183,0.500000,
		-0.500000,-0.430183,0.430183,
		-0.430183,-0.230183,0.500000,
		-0.500000,-0.230183,0.430183,
		-0.500000,-0.369817,0.430183,
		-0.430183,-0.369817,0.500000,
		-0.430183,-0.500000,0.230183,
		-0.430183,-0.500000,0.369817,
		-0.500000,-0.430183,0.369817,
		-0.500000,-0.430183,0.230183,
		-0.430183,-0.300000,0.230183,
		-0.500000,-0.369817,0.230183,
		-0.500000,-0.369817,0.369817,
		-0.500000,-0.230183,0.369817,
		-0.430183,-0.230183,0.300000,
		-0.230183,-0.500000,0.430183,
		-0.230183,-0.430183,0.500000,
		-0.369817,-0.430183,0.500000,
		-0.369817,-0.500000,0.430183,
		-0.369817,-0.230183,0.500000,
		-0.369817,-0.369817,0.500000,
		-0.230183,-0.369817,0.500000,
		-0.230183,-0.300000,0.430183,
		-0.300000,-0.230183,0.430183,
		-0.369817,-0.500000,0.230183,
		-0.300000,-0.430183,0.230183,
		-0.230183,-0.430183,0.300000,
		-0.230183,-0.500000,0.369817,
		-0.369817,-0.500000,0.369817,
		-0.300000,-0.230183,0.300000,
		-0.230183,-0.300000,0.300000,
		-0.300000,-0.300000,0.230183,
		-0.430183,0.230183,0.500000,
		-0.430183,0.369817,0.500000,
		-0.500000,0.369817,0.430183,
		-0.500000,0.230183,0.430183,
		-0.430183,0.430183,0.500000,
		-0.430183,0.500000,0.430183,
		-0.500000,0.430183,0.430183,
		-0.430183,0.300000,0.230183,
		-0.430183,0.230183,0.300000,
		-0.500000,0.230183,0.369817,
		-0.500000,0.369817,0.369817,
		-0.500000,0.369817,0.230183,
		-0.430183,0.500000,0.230183,
		-0.500000,0.430183,0.230183,
		-0.500000,0.430183,0.369817,
		-0.430183,0.500000,0.369817,
		-0.369817,0.230183,0.500000,
		-0.300000,0.230183,0.430183,
		-0.230183,0.300000,0.430183,
		-0.230183,0.369817,0.500000,
		-0.369817,0.369817,0.500000,
		-0.230183,0.500000,0.430183,
		-0.369817,0.500000,0.430183,
		-0.369817,0.430183,0.500000,
		-0.230183,0.430183,0.500000,
		-0.300000,0.300000,0.230183,
		-0.230183,0.300000,0.300000,
		-0.300000,0.230183,0.300000,
		-0.369817,0.500000,0.230183,
		-0.369817,0.500000,0.369817,
		-0.230183,0.500000,0.369817,
		-0.230183,0.430183,0.300000,
		-0.300000,0.430183,0.230183,
		-0.430183,-0.500000,-0.230183,
		-0.500000,-0.430183,-0.230183,
		-0.500000,-0.430183,-0.369817,
		-0.430183,-0.500000,-0.369817,
		-0.430183,-0.300000,-0.230183,
		-0.430183,-0.230183,-0.300000,
		-0.500000,-0.230183,-0.369817,
		-0.500000,-0.369817,-0.369817,
		-0.500000,-0.369817,-0.230183,
		-0.430183,-0.500000,-0.430183,
		-0.500000,-0.430183,-0.430183,
		-0.430183,-0.430183,-0.500000,
		-0.430183,-0.230183,-0.500000,
		-0.430183,-0.369817,-0.500000,
		-0.500000,-0.369817,-0.430183,
		-0.500000,-0.230183,-0.430183,
		-0.369817,-0.500000,-0.230183,
		-0.369817,-0.500000,-0.369817,
		-0.230183,-0.500000,-0.369817,
		-0.230183,-0.430183,-0.300000,
		-0.300000,-0.430183,-0.230183,
		-0.300000,-0.300000,-0.230183,
		-0.230183,-0.300000,-0.300000,
		-0.300000,-0.230183,-0.300000,
		-0.230183,-0.500000,-0.430183,
		-0.369817,-0.500000,-0.430183,
		-0.369817,-0.430183,-0.500000,
		-0.230183,-0.430183,-0.500000,
		-0.369817,-0.230183,-0.500000,
		-0.300000,-0.230183,-0.430183,
		-0.230183,-0.300000,-0.430183,
		-0.230183,-0.369817,-0.500000,
		-0.369817,-0.369817,-0.500000,
		-0.430183,0.300000,-0.230183,
		-0.500000,0.369817,-0.230183,
		-0.500000,0.369817,-0.369817,
		-0.500000,0.230183,-0.369817,
		-0.430183,0.230183,-0.300000,
		-0.430183,0.500000,-0.230183,
		-0.430183,0.500000,-0.369817,
		-0.500000,0.430183,-0.369817,
		-0.500000,0.430183,-0.230183,
		-0.430183,0.230183,-0.500000,
		-0.500000,0.230183,-0.430183,
		-0.500000,0.369817,-0.430183,
		-0.430183,0.369817,-0.500000,
		-0.430183,0.500000,-0.430183,
		-0.430183,0.430183,-0.500000,
		-0.500000,0.430183,-0.430183,
		-0.300000,0.230183,-0.300000,
		-0.230183,0.300000,-0.300000,
		-0.300000,0.300000,-0.230183,
		-0.369817,0.500000,-0.230183,
		-0.300000,0.430183,-0.230183,
		-0.230183,0.430183,-0.300000,
		-0.230183,0.500000,-0.369817,
		-0.369817,0.500000,-0.369817,
		-0.369817,0.230183,-0.500000,
		-0.369817,0.369817,-0.500000,
		-0.230183,0.369817,-0.500000,
		-0.230183,0.300000,-0.430183,
		-0.300000,0.230183,-0.430183,
		-0.230183,0.500000,-0.430183,
		-0.230183,0.430183,-0.500000,
		-0.369817,0.430183,-0.500000,
		-0.369817,0.500000,-0.430183,
		0.230183,-0.500000,0.430183,
		0.369817,-0.500000,0.430183,
		0.369817,-0.430183,0.500000,
		0.230183,-0.430183,0.500000,
		0.369817,-0.230183,0.500000,
		0.300000,-0.230183,0.430183,
		0.230183,-0.300000,0.430183,
		0.230183,-0.369817,0.500000,
		0.369817,-0.369817,0.500000,
		0.369817,-0.500000,0.230183,
		0.369817,-0.500000,0.369817,
		0.230183,-0.500000,0.369817,
		0.230183,-0.430183,0.300000,
		0.300000,-0.430183,0.230183,
		0.300000,-0.300000,0.230183,
		0.230183,-0.300000,0.300000,
		0.300000,-0.230183,0.300000,
		0.430183,-0.500000,0.430183,
		0.500000,-0.430183,0.430183,
		0.430183,-0.430183,0.500000,
		0.430183,-0.230183,0.500000,
		0.430183,-0.369817,0.500000,
		0.500000,-0.369817,0.430183,
		0.500000,-0.230183,0.430183,
		0.430183,-0.500000,0.230183,
		0.500000,-0.430183,0.230183,
		0.500000,-0.430183,0.369817,
		0.430183,-0.500000,0.369817,
		0.430183,-0.300000,0.230183,
		0.430183,-0.230183,0.300000,
		0.500000,-0.230183,0.369817,
		0.500000,-0.369817,0.369817,
		0.500000,-0.369817,0.230183,
		0.369817,0.230183,0.500000,
		0.369817,0.369817,0.500000,
		0.230183,0.369817,0.500000,
		0.230183,0.300000,0.430183,
		0.300000,0.230183,0.430183,
		0.230183,0.500000,0.430183,
		0.230183,0.430183,0.500000,
		0.369817,0.430183,0.500000,
		0.369817,0.500000,0.430183,
		0.300000,0.230183,0.300000,
		0.230183,0.300000,0.300000,
		0.300000,0.300000,0.230183,
		0.230183,0.430183,0.300000,
		0.230183,0.500000,0.369817,
		0.369817,0.500000,0.369817,
		0.369817,0.500000,0.230183,
		0.300000,0.430183,0.230183,
		0.430183,0.230183,0.500000,
		0.500000,0.230183,0.430183,
		0.500000,0.369817,0.430183,
		0.430183,0.369817,0.500000,
		0.430183,0.500000,0.430183,
		0.430183,0.430183,0.500000,
		0.500000,0.430183,0.430183,
		0.430183,0.300000,0.230183,
		0.500000,0.369817,0.230183,
		0.500000,0.369817,0.369817,
		0.500000,0.230183,0.369817,
		0.430183,0.230183,0.300000,
		0.430183,0.500000,0.230183,
		0.430183,0.500000,0.369817,
		0.500000,0.430183,0.369817,
		0.500000,0.430183,0.230183,
		0.369817,-0.500000,-0.230183,
		0.300000,-0.430183,-0.230183,
		0.230183,-0.430183,-0.300000,
		0.230183,-0.500000,-0.369817,
		0.369817,-0.500000,-0.369817,
		0.300000,-0.230183,-0.300000,
		0.230183,-0.300000,-0.300000,
		0.300000,-0.300000,-0.230183,
		0.230183,-0.500000,-0.430183,
		0.230183,-0.430183,-0.500000,
		0.369817,-0.430183,-0.500000,
		0.369817,-0.500000,-0.430183,
		0.369817,-0.230183,-0.500000,
		0.369817,-0.369817,-0.500000,
		0.230183,-0.369817,-0.500000,
		0.230183,-0.300000,-0.430183,
		0.300000,-0.230183,-0.430183,
		0.430183,-0.500000,-0.230183,
		0.430183,-0.500000,-0.369817,
		0.500000,-0.430183,-0.369817,
		0.500000,-0.430183,-0.230183,
		0.430183,-0.300000,-0.230183,
		0.500000,-0.369817,-0.230183,
		0.500000,-0.369817,-0.369817,
		0.500000,-0.230183,-0.369817,
		0.430183,-0.230183,-0.300000,
		0.430183,-0.500000,-0.430183,
		0.430183,-0.430183,-0.500000,
		0.500000,-0.430183,-0.430183,
		0.430183,-0.230183,-0.500000,
		0.500000,-0.230183,-0.430183,
		0.500000,-0.369817,-0.430183,
		0.430183,-0.369817,-0.500000,
		0.300000,0.300000,-0.230183,
		0.230183,0.300000,-0.300000,
		0.300000,0.230183,-0.300000,
		0.369817,0.500000,-0.230183,
		0.369817,0.500000,-0.369817,
		0.230183,0.500000,-0.369817,
		0.230183,0.430183,-0.300000,
		0.300000,0.430183,-0.230183,
		0.369817,0.230183,-0.500000,
		0.300000,0.230183,-0.430183,
		0.230183,0.300000,-0.430183,
		0.230183,0.369817,-0.500000,
		0.369817,0.369817,-0.500000,
		0.230183,0.500000,-0.430183,
		0.369817,0.500000,-0.430183,
		0.369817,0.430183,-0.500000,
		0.230183,0.430183,-0.500000,
		0.430183,0.300000,-0.230183,
		0.430183,0.230183,-0.300000,
		0.500000,0.230183,-0.369817,
